{
  "weights": {
    "qwen3.6-plus": 0.1583,
    "qwen3-coder": 0.1918,
    "deepseek-r1": 0.1159,
    "minimax-m2.5": 0.1985,
    "gemini-2.5-flash": 0.2482,
    "ollama/qwen2.5-coder:7b": 0.0341,
    "ollama/llama3.2:3b": 0.053
  },
  "category_best": {
    "coding": {
      "model": "qwen3-coder",
      "success_rate": 0.9702734839476813,
      "samples": 841
    },
    "reasoning": {
      "model": "qwen3.6-plus",
      "success_rate": 0.9534342258440046,
      "samples": 859
    },
    "creative": {
      "model": "qwen3.6-plus",
      "success_rate": 0.8914081145584726,
      "samples": 838
    },
    "math": {
      "model": "deepseek-r1",
      "success_rate": 0.9159456118665018,
      "samples": 809
    },
    "analysis": {
      "model": "qwen3.6-plus",
      "success_rate": 0.9412470023980816,
      "samples": 834
    },
    "summarization": {
      "model": "qwen3.6-plus",
      "success_rate": 0.9010989010989011,
      "samples": 819
    }
  },
  "trained_at": 1775505946.4017916,
  "total_samples": 5000,
  "iterations": 10,
  "converged": true
}